본문 내용,,수정필요여부,수정내용,수정완료여부
1 본 약관 소개,1 About these terms,X,1 About these terms,X
"1.1 본 약관은 귀하(이하“ 귀하” 또는 “ 귀하의”)와 몰타(Malta) 등록 법인인 King.com Limited(주소: Aragon Business Centre Level 4, Dragonara Road, St Julians STJ3140, Malta, 등록 번호: C42504)(이하“ 당사”, “ 우리” 또는 “ 당사의”) 사이에서 앱 스토어, Google Play, Amazon Kindle, Windows스토어 및/또는 Facebook을 통해 제공되는 당사의 게임 및 관련 서비스(이하 “ 게임” 또는 “게임들”)에 대한 법적 계약을 성립합니다. 귀하는 당사의 게임을 평가 및/또는 플레이함으로써 본 약관 및 개인정보 보호정책(아래의 10절 참조)에 동의하는 것입니다.","1.1 These terms create a legal agreement between you (""you"" or ""your"") and King.com Limited of Aragon Business Centre Level 4, Dragonara Road, St Julians STJ3140, Malta, a company registered in Malta with registration number C42504 (""we"", ""us"" or ""our"") in relation to our games that are made available via the App Store, Google Play, on Amazon Kindle, the Windows Store and/or on Facebook, and any related services related to our games(together the ""Game"" or ""Games""). You agree that by accessing and/or playing our Games, you are agreeing to these terms and our Privacy Policy (see paragraph 10 below).",O,"1.1 These terms create a legal agreement between you (""you"" or ""your"") and 5minlab Co.,Ltd of Donggyo-dong, 5th floor, 98, WorldCupbuk-ro6-gil, Mapo-gu, Seoul, South Korea, a company registered in South Korea with registration number 220-88-66851 (""we"", ""us"" or ""our"") in relation to our Como that are made available via the App Store, Google Play, and any related services related to our games(together the ""Game"" or ""Games""). You agree that by accessing and/or playing our Games, you are agreeing to these terms and our Privacy Policy (see paragraph 10 below).",O
"1.2 귀하는 자신이 최소 13세 이상이며, 만일 연령이 13세에서 18세 사이인 경우 자신의 법적 후견인이 본 약관을 검토 및 동의하였고 귀하가 당사의 게임을 플레이하도록 허락했음을 확인합니다.","1.2 You agree that you are at least 13 years old and that if you are between 13 years and 18 years old, your legal guardian has reviewed and agrees to these terms and is happy for you to play our Games.",X,"1.2 You agree that you are at least 13 years old and that if you are between 13 years and 18 years old, your legal guardian has reviewed and agrees to these terms and is happy for you to play our Games.",X
"1.3 귀하는 언제든about.king.com/consumer-terms에서 본 약관을 확인할 수 있습니다. 당사는 언제든 아래 14절에 따라 본 약관을 변경할 수 있으며, 귀하가 본 약관을 계속해서 사용한다는 것은 귀하가 업데이트된 약관에 동의함을 의미합니다.",1.3 You can access these terms at any time at about.king.com/consumer-terms. We can make changes to these terms at any time in accordance with paragraph 14 below and your continued use of our Games shall confirm your acceptance of the updated terms.,O,1.3 You can access these terms at any time at http://5minlab.github.io/como-web/tos/. We can make changes to these terms at any time in accordance with paragraph 14 below and your continued use of our Games shall confirm your acceptance of the updated terms.,O
2 게임 액세스 및 플레이,2 About accessing and playing our Games,X,2 About accessing and playing our Games,X
"2.1 각 게임의 구체적인 게임 규칙, 점수 규칙, 컨트롤 및 가이드라인은 게임 자체에 포함되어 있습니다. 상기한 게임 규칙, 점수 규칙, 컨트롤 및 가이드라인은 본 약관의 일부를 구성하며, 귀하는 자신이 액세스 및/또는 플레이하기로 결정한 개별 게임과 관련된 제반 약관을 준수하는 데 동의합니다.","2.1 The specific game rules, scoring rules, controls and guidelines for each Game can be found within the Game itself. Such rules, scoring rules, controlsand guidelines form part of these terms and you agree that you shall comply with them in respect of each individual Game which you choose to access and/or play.",X,"2.1 The specific game rules, scoring rules, controls and guidelines for each Game can be found within the Game itself. Such rules, scoring rules, controlsand guidelines form part of these terms and you agree that you shall comply with them in respect of each individual Game which you choose to access and/or play.",X
"2.2 귀하는 당사의 게임을 플레이하는 중에 발생하는 인터넷 연결 및/또는 모바일 요금에 대한 책임이 있습니다. 만일 요금이 얼마인지 모를 경우, 게임을 플레이하기 전에 모바일 사업자에게 문의해야 합니다.","2.2 You are responsible for the internet connection and/or mobile charges that you may incur for playing our Games. You should ask your mobile operator if you are unsure what these charges will be, before you play.",X,"2.2 You are responsible for the internet connection and/or mobile charges that you may incur for playing our Games. You should ask your mobile operator if you are unsure what these charges will be, before you play.",X
2.3당사는 다음과 같은 이유로 귀하에 대한 책임 없이 수시로 하나 이상의 게임(전부 또는 일부)을 철회 또는 수정할 권한을 보유합니다.,2.3 We have the right to withdraw or modify one or more of our Games (in whole or in part) without liability to you from time to time:,O,2.3 We have the right to withdraw or modify Como without liability to you from time to time:,O
기술적 이유(당사 또는 인터넷으로 인한 기술적 문제),for technical reasons (such as technical difficulties experienced by us or on the internet);,X,for technical reasons (such as technical difficulties experienced by us or on the internet);,X
사용자 환경의 개선을 위해 필요한 경우,to allow us to improve user experience;,X,to allow us to improve user experience;,X
타당한 법적 이유가 있는 경우(개인정보 보호 또는 당사 게임의 콘텐츠 또는 실행과 관련된 기타 법률상의 문제),where we have legal reasons for doing so (including privacy or other legal objections to the content or conduct of our Games);,X,where we have legal reasons for doing so (including privacy or other legal objections to the content or conduct of our Games);,X
당사가 관련 게임을 제공하는 것이 사업적으로 더 이상 타당하지 않은 경우,because it no longer makes business sense for us to provide the relevant Game; or,X,because it no longer makes business sense for us to provide the relevant Game; or,X
당사가 제공하는 서비스가 변경된 경우,because we have altered the services we provide.,X,because we have altered the services we provide.,X
2.4 또한 기술 또는 유지 관리상의 이유로 인해 일정 계획 여부에 관계없이 당사의 게임을 전부 또는 일부 제공할 수 없는 상황이 발생할 수 있습니다.,"2.4 There may also be times when our Games or any part of a Game is not available for technical or maintenance related reasons, whether on a scheduled or unscheduled basis.",X,"2.4 There may also be times when our Games or any part of a Game is not available for technical or maintenance related reasons, whether on a scheduled or unscheduled basis.",X
3 계정,3 Accounts,X,3 Accounts,X
"3.1 귀하는 자신의 로그인 세부 정보를 보호하고 비밀을 유지하기 위해 필요한 모든 조치를 취하는 데 동의합니다. 귀하는 타인에게 자신의 로그인 세부 정보를 제공하거나 타인으로 하여금 자신의 로그인 세부 정보 또는 계정을 사용하도록 해서는 안 된다는 점에 대해 동의합니다. 본 약관에서 말하는 ""로그인 세부 정보"" 또는 ""계정""의 범위에는 귀하가 당사 게임과 상호 작용을 허용한 일체의 소셜 네트워크 또는 플랫폼에 대한 귀하의 로그인 세부 정보 및 계정이 포함됩니다.","3.1 You agree that you shall take all steps necessary to protect your log in details and keep them secret. You agree that you shall not give your log in details to anyone else or allow anyone else to use your log in details or account. In these terms, references to ""log in details"" or ""account"" include your log in details and account for any social network or platform that you may allow our Games to interact with.",X,"3.1 You agree that you shall take all steps necessary to protect your log in details and keep them secret. You agree that you shall not give your log in details to anyone else or allow anyone else to use your log in details or account. In these terms, references to ""log in details"" or ""account"" include your log in details and account for any social network or platform that you may allow our Games to interact with.",X
"3.2 귀하가 로그인 세부 정보에 대한 비밀을 유지하지 아니하거나 로그인 세부 정보 또는 계정을 타인과 공유하는 경우(의도적이든 의도하지 않았든), 귀하는 그 결과(일체의 무단 구매 포함)에 대해 전적인 책임을 져야 하며 그로 인한 일체의 손해 또는 피해를 당사에 보상하는 데 동의합니다.","3.2 If you fail to keep your login details secret, or if you share your login details or account with someone else (whether intentionally or unintentionally), you accept full responsibility for the consequences of this (including any unauthorized purchases) and agree to fully compensate us for any losses or harm that may result.",X,"3.2 If you fail to keep your login details secret, or if you share your login details or account with someone else (whether intentionally or unintentionally), you accept full responsibility for the consequences of this (including any unauthorized purchases) and agree to fully compensate us for any losses or harm that may result.",X
"3.3 당사는 권한 없는 사용자가 귀하의 계정에 액세스하고 게임을 플레이함으로 인해 귀하가 겪는 일체의 손해에 대해 책임을 지지 않으며, 사기 등 그 원인을 불문하고 무단 사용으로 인한 일체의 손해 또는 피해에 대해 책임을 지지 않습니다.","3.3 We will not be responsible to you for any loss that you suffer as a result of an unauthorised person accessing your account and playing our Games and we accept no responsibility for any losses or harm resulting from its unauthorised use, whether fraudulently or otherwise.",X,"3.3 We will not be responsible to you for any loss that you suffer as a result of an unauthorised person accessing your account and playing our Games and we accept no responsibility for any losses or harm resulting from its unauthorised use, whether fraudulently or otherwise.",X
"3.4 만일 귀하가 계정과 관련하여 180일 이상 아무런 활동을 하지 않을 경우, 당사는 귀하의 계정을 삭제할 권한을 보유합니다. 계정이 삭제되는 경우 귀하는 해당 계정과 연결된 가상 화폐 및/또는 가상 상품(아래 정의 참조)을 액세스 및/또는 사용할 수 없게 되며, 그와 관련하여 일체의 환불을 받을 수 없습니다.","3.4 We reserve the right to delete your account if no activity is conducted by you in relation to the account for 180 or more days. In such event, you will no longer be able to access and/or use any Virtual Money and/or Virtual Goods (as defined below) associated with that account and no refund will be offered to you in relation to the same.",X,"3.4 We reserve the right to delete your account if no activity is conducted by you in relation to the account for 180 or more days. In such event, you will no longer be able to access and/or use any Virtual Money and/or Virtual Goods (as defined below) associated with that account and no refund will be offered to you in relation to the same.",X
"3.5 만일 귀하가 자신의 계정을 삭제하거나 본 약관에 따라 당사가 귀하의 계정을 삭제할 경우 귀하는 자신의 계정과 이전에 관련되어 있던 일체의 데이터(귀하가 당사 게임을 통해 도달한 레벨 또는 점수 및 귀하의 계정과 관련된 일체의 가상 화폐와 가상 상품이 포함되며, 이에 국한되지 않음)에 대한 액세스 권한을 상실할 수 있다는 점을 이해해야 합니다.","3.5 You understand that if you delete your account, or if we delete your account in accordance with these terms, you may lose access to any data previously associated with your account (including, without limitation, the level or score you have reached in our Games and any Virtual Money or Virtual Goods associated with your account).",X,"3.5 You understand that if you delete your account, or if we delete your account in accordance with these terms, you may lose access to any data previously associated with your account (including, without limitation, the level or score you have reached in our Games and any Virtual Money or Virtual Goods associated with your account).",X
4 가상 상품 및 가상 화폐,4 Virtual Goods and Virtual Money,X,4 Virtual Goods and Virtual Money,X
"4.1 당사의 게임에는 동전, 금화 및 포인트 등의 가상 통화(이하 “가상 화폐”) 또는 당사의 게임에서 사용할 수 있는 아이템이나 서비스(이하 “가상 상품”)가 포함될 수 있습니다. 만일 귀하가 최소 18세 이상일 경우, 귀하는 현금을 지불하고 당사로부터 가상 화폐를 구매할 수 있습니다. 또한 귀하가 18세 이상일 경우 귀하는 현금 및/또는 기타 신용을 지불하고 가상 상품을 구매할 수 있습니다. 귀하는 가상 화폐 및 가상 상품을 당사 또는 기타 다른 곳으로부터 현금, 실제 상품 또는 실제 서비스로 교환할 수 없다는 점에 대해 동의합니다. 또한 귀하는 가상 화폐 및/또는 가상 상품을 오직 당사에서만 취득할 수 있으며 일체의 타사로부터 구할 수 없다는 점에 대해 동의합니다.","4.1 Our Games may include virtual currencies such as coins, gold coins and points (""Virtual Money"") or items or services for use with our Games (""Virtual Goods""). You can buy Virtual Money from us for real money if you are at least 18 years old. If you are over 18 years old you may also be able to buy Virtual Goods for real money and/or other credits. You agree that Virtual Money and Virtual Goods can never be exchanged for real money, real goods or real services from us or anyone else. You also agree that you will only obtain Virtual Money and/or Virtual Goods from us, and not from any third party.",X,"4.1 Our Games may include virtual currencies such as coins, gold coins and points (""Virtual Money"") or items or services for use with our Games (""Virtual Goods""). You can buy Virtual Money from us for real money if you are at least 18 years old. If you are over 18 years old you may also be able to buy Virtual Goods for real money and/or other credits. You agree that Virtual Money and Virtual Goods can never be exchanged for real money, real goods or real services from us or anyone else. You also agree that you will only obtain Virtual Money and/or Virtual Goods from us, and not from any third party.",X
"4.2 귀하는 가상 상품 또는 가상 화폐를 소유하는 것이 아니라 단지 그것을 사용하기 위한 제한적이고 취소 가능한 개인별 라이센스를 구매하는 것이며, 가상 상품 또는 가상 화폐의 잔고는 일체의 저장된 가치를 반영하지 않습니다.",4.2 You do not own Virtual Goods or Virtual Money but instead you purchase a limited personal revocable licence to use them any balance of Virtual Goods or Virtual Money does not reflect any stored value.,X,4.2 You do not own Virtual Goods or Virtual Money but instead you purchase a limited personal revocable licence to use them any balance of Virtual Goods or Virtual Money does not reflect any stored value.,X
"4.3 귀하는 귀하에 대한 당사의 모든 가상 화폐 및 가상 상품 매출은 최종적이며, 일단 완료된 거래에 대해 환불이 불가하다는 점에 대해 동의합니다. 만일 유럽연합에 거주하는 경우 귀하에게 원격 구매를 취소할 수 있는 특정 권한이 부여되기는 하나, 당사의 가상 상품 또는 가상 화폐 사용에 대한 라이센스를 구매함과 동시에 당사의 서비스가 시작되므로 해당 시점에 취소 권한이 상실된다는 점을 양지하시기 바랍니다.","4.3 You agree that all sales by us to you of Virtual Money and Virtual Goods are final and that we will not refund any transaction once it has been made. If you live in the European Union you have certain rights to withdraw from distance purchases. However, please note that when you purchase a licence to use Virtual Goods or Virtual Money from us, the performance of our services begins promptly once your purchase is complete and therefore your right of withdrawal is lost at this point.",X,"4.3 You agree that all sales by us to you of Virtual Money and Virtual Goods are final and that we will not refund any transaction once it has been made. If you live in the European Union you have certain rights to withdraw from distance purchases. However, please note that when you purchase a licence to use Virtual Goods or Virtual Money from us, the performance of our services begins promptly once your purchase is complete and therefore your right of withdrawal is lost at this point.",X
"4.4 귀하가 유럽 연합에 거주하고 계신 경우, 법의 요구 또는 귀하의 요청에 따라 세금 계산서를 제공해드립니다. 귀하는 이러한 세금 계산서가 전자 형식이 될 수 있음에 동의합니다.","4.4 If you live in the European Union, we will provide you with a VAT invoice where we are required to do so by law or where requested by you. You agree that these invoices may be electronic in format.",X,"4.4 If you live in the European Union, we will provide you with a VAT invoice where we are required to do so by law or where requested by you. You agree that these invoices may be electronic in format.",X
"4.5 당사는 귀하에 대한 책임 없이 일체의 가상 화폐 또는 가상 상품을 관리, 규제, 변경 또는 제거할 수 있는 권한을 보유합니다.","4.5 We reserve the right to control, regulate, change or remove any Virtual Money or Virtual Goods without any liability to you.",X,"4.5 We reserve the right to control, regulate, change or remove any Virtual Money or Virtual Goods without any liability to you.",X
"4.6 3.5절의 조항을 한정함이 없이, 당사가 본 약관 7절에 따라 귀하의 계정을 일시 중지 또는 종료하는 경우, 귀하는 보유 중이던 일체의 가상 화폐 및 가상 상품을 상실하게 되며, 당사는 이러한 손실에 대해 일체의 보상 또는 환불을 하지 않습니다.","4.6 Without limiting paragraph 3.5, if we suspend or terminate your account in accordance with paragraph 7 of these terms you will lose any Virtual Money and Virtual Goods that you may have and we will not compensate you for this loss or make any refund to you.",O,"4.6 Without limiting paragraph 3.5, if we suspend or terminate your account in accordance with paragraph 7 of these terms you will lose any Virtual Money and Virtual Goods that you may have and we will not compensate you for this loss or make any refund to you.",O
5 귀하의 행동 및 콘텐츠,5 User conduct and content,X,5 User conduct and content,X
"5.1 귀하는 귀하가 당사의 게임에 액세스하는 지역에서 귀하에게 적용되는 법률을 준수해야 합니다. 즉, 귀하에게 적용되는 법률로 인해 당사의 게임을 플레이하는 것이 제한 또는 금지되는 경우 해당 법적 제한 사항을 준수해야 하며, 법에 저촉되는 경우 당사 게임의 액세스 및/또는 플레이를 중지해야 합니다.","5.1 You must comply with the laws that apply to you in the location that you access our Games from. If any laws applicable to you restrict or prohibit you from playing our Games, you must comply with those legal restrictions or, if applicable, stop accessing and/or playing our Games.",X,"5.1 You must comply with the laws that apply to you in the location that you access our Games from. If any laws applicable to you restrict or prohibit you from playing our Games, you must comply with those legal restrictions or, if applicable, stop accessing and/or playing our Games.",X
5.2 귀하는 당사의 게임을 액세스 및/또는 플레이함에 있어 귀하가 당사에 제공하는 모든 정보가 항상 진정하고 정확하며 완전하다는 것을 약속합니다.,"5.2 You promise that all the information you provide to us on accessing and/or playing our Games is and shall remain true, accurate and complete at all times.",X,"5.2 You promise that all the information you provide to us on accessing and/or playing our Games is and shall remain true, accurate and complete at all times.",X
"5.3 경우에 따라 귀하 또는 여타 사용자가 당사의 게임을 통해 정보, 데이터, 소프트웨어, 음향, 사진, 그래픽, 비디오, 태그 또는 기타 자료(이하 “콘텐츠”)를 보내거나 업로드하거나 전송하거나 전달하거나 달리 제공할 수 있습니다. 귀하는 공개 게시이든 비공개 전송이든 당사의 게임을 플레이하는 중에 전송되는 모든 콘텐츠에 대해 해당 콘텐츠를 보낸 개인이 독자적 책임을 진다는 점을 이해하고 동의합니다. 이는 귀하가 당사의 게임을 통해 업로드, 전송, 전달 또는 달리 제공하는 모든 콘텐츠에 대해 당사가 아닌 귀하가 전적으로 책임을 진다는 것을 의미합니다.","5.3 Information, data, software, sound, photographs, graphics, video, tags, or other materials may be sent, uploaded, communicated, transmitted or otherwise made available via our Games by you or another user (""Content""). You understand and agree that all Content that you may be sent when playing our Games, whether publicly posted or privately sent, is the sole responsibility of the person that sent the Content. This means that you, not us, are entirely responsible for all Content that you may upload, communicate, transmit or otherwise make available via our Games.",X,"5.3 Information, data, software, sound, photographs, graphics, video, tags, or other materials may be sent, uploaded, communicated, transmitted or otherwise made available via our Games by you or another user (""Content""). You understand and agree that all Content that you may be sent when playing our Games, whether publicly posted or privately sent, is the sole responsibility of the person that sent the Content. This means that you, not us, are entirely responsible for all Content that you may upload, communicate, transmit or otherwise make available via our Games.",X
"5.4 귀하는 다음과 같은 일체의 콘텐츠를 업로드, 전송, 전달 또는 달리 제공하지 않는 데 동의합니다.","5.4 You agree not to upload, communicate, transmit or otherwise make available any Content:",X,"5.4 You agree not to upload, communicate, transmit or otherwise make available any Content:",X
불법적이거나 유해하거나 타인을 괴롭히거나 명예훼손적이거나 중상적이거나 외설적이거나 기타 불쾌감을 유발하는 콘텐츠,"that is or could reasonably be viewed as unlawful, harmful, harassing, defamatory, obscene or otherwise objectionable;",X,"that is or could reasonably be viewed as unlawful, harmful, harassing, defamatory, obscene or otherwise objectionable;",X
타인의 사생활을 침해하거나 그렇게 보일 수 있는 콘텐츠,that is or could reasonably be viewed as invasive of another's privacy;,X,that is or could reasonably be viewed as invasive of another's privacy;,X
"폭력적, 인종차별적 또는 민족적 증오감을 조장하거나 그렇게 보일 수 있는 콘텐츠","that is likely to, or could reasonably be viewed as likely to incite violence or racial or ethnic hatred;",X,"that is likely to, or could reasonably be viewed as likely to incite violence or racial or ethnic hatred;",X
"적법하게 제공할 권한이 귀하에게 있지 아니한 콘텐츠(예: 내부 정보, 타인 소유 정보 또는 기밀 정보)","which you do not have a right to make available lawfully (such as inside information, information which belongs to someone else or confidential information);",X,"which you do not have a right to make available lawfully (such as inside information, information which belongs to someone else or confidential information);",X
지적재산권 또는 기타 타인의 사유권을 침해하는 콘텐츠,which infringes any intellectual property right or other proprietary right of others;,X,which infringes any intellectual property right or other proprietary right of others;,X
"요청되지 않거나 허가되지 않은 광고, 홍보 자료, ""정크메일"", ""스팸"", ""행운의 편지"", ""피라미드 방식"" 또는 기타 유형의 판매 권유가 포함된 콘텐츠","which consists of any unsolicited or unauthorised advertising, promotional materials, 'junk mail', 'spam', 'chain letters', 'pyramid schemes' or any other form of solicitation; or",X,"which consists of any unsolicited or unauthorised advertising, promotional materials, 'junk mail', 'spam', 'chain letters', 'pyramid schemes' or any other form of solicitation; or",X
"컴퓨터 소프트웨어, 하드웨어 또는 통신 장비의 기능을 방해, 파괴 또는 제한하기 위해 설계된 소프트웨어 바이러스 또는 기타 일체의 컴퓨터 코드, 파일 또는 프로그램이 포함된 콘텐츠","which contains software viruses or any other computer code, files or programs designed to interrupt, destroy or limit the functionality of any computer software or hardware or telecommunications equipment.",X,"which contains software viruses or any other computer code, files or programs designed to interrupt, destroy or limit the functionality of any computer software or hardware or telecommunications equipment.",X
5.5 귀하는 다음 행동을 하지 않기로 동의합니다.,5.5 You agree that you will not:,X,5.5 You agree that you will not:,X
당사의 게임을 이용해 타인에게 피해를 입히거나 타인을 공격하거나 괴롭히는 행위,use our Games to harm anyone or to cause offence to or harass any person;,X,use our Games to harm anyone or to cause offence to or harass any person;,X
당사의 게임을 플레이하기 위해 플랫폼당 하나를 초과하는 계정을 생성하는 행위,create more than one account per platform to play our Games;,X,create more than one account per platform to play our Games;,X
당사 게임에 로그인하여 플레이하기 위해 다른 개인 또는 단체의 이메일 주소를 사용하는 행위,use another person or entity's email address in order to sign up to play our Games;,X,use another person or entity's email address in order to sign up to play our Games;,X
"사기 또는 오용을 목적으로 당사의 게임을 사용하는 행위(게임을 통해 개인 또는 단체를 사칭하거나 개인, 단체 또는 게임의 소속을 허위로 표현하는 일체의 행위가 모두 포함됨)","use our Games for fraudulent or abusive purposes (including, without limitation, by using our Games to impersonate any person or entity, or otherwise misrepresent your affiliation with a person, entity or our Games);",X,"use our Games for fraudulent or abusive purposes (including, without limitation, by using our Games to impersonate any person or entity, or otherwise misrepresent your affiliation with a person, entity or our Games);",X
"자신의 IP 주소 또는 자신이 업로드하는 콘텐츠 소스를 가장, 익명화 또는 은닉하는 행위","disguise, anonymise or hide your IP address or the source of any Content that you may upload;",X,"disguise, anonymise or hide your IP address or the source of any Content that you may upload;",X
상업적이나 사업적인 목적 또는 제삼자의 이익을 위해 당사의 게임을 사용하거나 요청되지 않은 연락을 취하는 행위,use our Games for any commercial or business purpose or for the benefit of any third party or to send unsolicited communications;,X,use our Games for any commercial or business purpose or for the benefit of any third party or to send unsolicited communications;,X
당사의 게임에서 사유권 고지 또는 기타 소유권 정보를 제거 또는 수정하는 행위,remove or amend any proprietary notices or other ownership information from our Games;,X,remove or amend any proprietary notices or other ownership information from our Games;,X
당사의 게임 또는 당사의 게임을 제공하기 위한 서버 또는 네트워크의 작동을 방해하거나 중단을 유발하는 행위,interfere with or disrupt our Games or servers or networks that provide our Games;,X,interfere with or disrupt our Games or servers or networks that provide our Games;,X
"당사의 게임을 디컴파일, 리버스 엔지니어링, 역어셈블 또는 해킹하려는 시도 또는 암호화 기술이나 보안 조치 또는 당사에 의해 전송, 처리 또는 저장되는 데이터를 무력화 또는 우회하려는 시도","attempt to decompile, reverse engineer, disassemble or hack any of our Games, or to defeat or overcome any of our encryption technologies or security measures or data transmitted, processed or stored by us;",X,"attempt to decompile, reverse engineer, disassemble or hack any of our Games, or to defeat or overcome any of our encryption technologies or security measures or data transmitted, processed or stored by us;",X
"일체의 개인 데이터 또는 정보를 포함하여(단, 이에 국한되지 않음) 당사의 게임을 플레이하는 타인에 관한 정보를 ""채취"", ""스크랩"" 또는 수집하는 행위(""픽셀 태그"" 쿠키, gif(graphic interchange format) 또는 이른바 ""스파이웨어"" 또는 ""pcm""(passive collection mechanism)이라고도 불리는 그와 유사한 요소를 포함하여(단, 이에 국한되지 않음) 정보의 수집을 위한 무언가를 업로드하는 행위 포함)","harvest', 'scrape' or collect any information about or regarding other people that play our Games, including, but not limited to any personal data or information (including by uploading anything that collects information including but not limited to 'pixel tags' cookies, graphics interchange formats ('gifs') or similar items that are sometimes also referred to as 'spyware' or 'pcms' (passive collection mechanisms);",X,"harvest', 'scrape' or collect any information about or regarding other people that play our Games, including, but not limited to any personal data or information (including by uploading anything that collects information including but not limited to 'pixel tags' cookies, graphics interchange formats ('gifs') or similar items that are sometimes also referred to as 'spyware' or 'pcms' (passive collection mechanisms);",X
당사의 계정 또는 계정의 일부(일체의 가상 통화 또는 가상 상품 포함)를 판매 또는 양도하거나 판매 또는 양도를 시도하는 행위,"sell, transfer or try to sell or transfer an account with us or any part of an account including any Virtual Currency or Virtual Goods;",X,"sell, transfer or try to sell or transfer an account with us or any part of an account including any Virtual Currency or Virtual Goods;",X
"게임의 정상적인 흐름을 방해하는 행위, 또는 당사의 게임을 플레이하거나 실시간 교환을 하는 과정에서 타 플레이어가 공정하게 경쟁할 수 있는 능력에 악영향을 미칠 수 있는 방식의 행동",disrupt the normal flow of a Game or otherwise act in a manner that is likely to negatively affect other players' ability to compete fairly when playing our Games or engaging in real time exchanges;,X,disrupt the normal flow of a Game or otherwise act in a manner that is likely to negatively affect other players' ability to compete fairly when playing our Games or engaging in real time exchanges;,X
당사 게임에 연결된 네트워크 관련 요구 사항 또는 규정을 어기는 행위,disobey any requirements or regulations of networks connected to our Games;,X,disobey any requirements or regulations of networks connected to our Games;,X
일체의 관련 법률 또는 규정에 위배되는 방식으로 당사의 게임을 사용하는 행위,use our Games in violation of any applicable law or regulation;,X,use our Games in violation of any applicable law or regulation;,X
"속임수나 책략을 쓰거나 속임수를 돕기 위해 당사의 게임을 사용하는 행위(예를 들어, 자동 수단을 이용하거나 타사 소프트웨어를 이용해 플레이하는 경우), 또는 당사 게임의 액세스 제어를 위한 기술적 조치 또는 요소를 우회하는 행위, 또는 합리적인 개인의 관점에서 공정한 플레이 정신 또는 본 약관에 부합한다고 보기 힘든 기타 일체의 행위를 하는 경우","use our Games to cheat or design or assist in cheating (for example, by using automated means or third party software to play), or to otherwise circumvent technological measures designed to control access to, or elements of, our Games, or to do anything else that a reasonable person is likely to believe is not within the spirit of fair play or these terms; or",X,"use our Games to cheat or design or assist in cheating (for example, by using automated means or third party software to play), or to otherwise circumvent technological measures designed to control access to, or elements of, our Games, or to do anything else that a reasonable person is likely to believe is not within the spirit of fair play or these terms; or",X
본 약관에서 허용하지 않는 일체의 방식으로 당사의 게임을 사용하는 행위,use our Games in any other way not permitted by these terms.,X,use our Games in any other way not permitted by these terms.,X
"5.6 당사는 당사 게임에 타인이 게시하는 콘텐츠를 관리하지 않습니다. 따라서 해당 콘텐츠의 정확성, 무결성 또는 품질을 보장하지 않습니다. 귀하는 당사의 게임을 플레이할 때 모욕적이거나 무례하거나 불쾌하다고 생각될 수 있는 콘텐츠에 노출될 수 있다는 점을 이해해야 합니다. 어떠한 상황에서도 당사는 콘텐츠의 일체의 오류나 누락으로 인해 또는 당사 게임을 통해 게시, 이메일 전송, 전달 또는 달리 제공되는 콘텐츠를 사용함으로 인해 유발되는 모든 유형의 손해 또는 피해를 포함하여(단, 이에 국한되지 않음) 일체의 콘텐츠에 대해 어떠한 식으로도 책임을 지지 않습니다.","5.6 We do not control Content posted on our Games by other people and therefore we do not guarantee the accuracy, integrity or quality of that Content. You understand that when playing our Games, you may be exposed to Content that you may consider offensive, indecent or objectionable. Under no circumstances will we be liable in any way for any Content, including, but not limited to, any errors or omissions in any Content, or any losses or harm of any kind resulting from the use of any Content posted, emailed, transmitted or otherwise made available via our Games.",X,"5.6 We do not control Content posted on our Games by other people and therefore we do not guarantee the accuracy, integrity or quality of that Content. You understand that when playing our Games, you may be exposed to Content that you may consider offensive, indecent or objectionable. Under no circumstances will we be liable in any way for any Content, including, but not limited to, any errors or omissions in any Content, or any losses or harm of any kind resulting from the use of any Content posted, emailed, transmitted or otherwise made available via our Games.",X
"5.7 만일 당사의 독자 재량으로 판단할 때 본 약관의 조항에 위반되거나 당사 또는 당사 게임의 평판을 해칠 수 있다고 보일 경우, 당사는 업로드된 콘텐츠를 당사의 게임에서 제거할 수 있는 권한을 보유합니다. 단, 당사의 게임을 플레이하는 사용자들이 게시하는 콘텐츠를 당사가 능동적으로 모니터링하는 것은 아니며 당사가 그러한 약속을 하지 않는다는 점을 양해해야 합니다.","5.7 We have the right to remove uploaded Content from our Games if we decide in our sole discretion that it results in or from a breach of any part of these terms, or that it may bring us or our Games into disrepute. However, you acknowledge that we do not actively monitor Content that is contributed by people that play our Games and we make no undertaking to do so.",X,"5.7 We have the right to remove uploaded Content from our Games if we decide in our sole discretion that it results in or from a breach of any part of these terms, or that it may bring us or our Games into disrepute. However, you acknowledge that we do not actively monitor Content that is contributed by people that play our Games and we make no undertaking to do so.",X
5.8 귀하는 귀하와 여타 게임 사용자 사이의 상호작용에 대해 단독으로 책임을 집니다.,5.8 You are solely responsible for your interactions with other users of our Games.,X,5.8 You are solely responsible for your interactions with other users of our Games.,X
6 상대방을 대상으로 한 게임 플레이,6 Playing our Games against opponents,X,6 Playing our Games against opponents,X
"6.1 당사 게임 중 일부는 상대방을 대상으로 한 플레이를 허용합니다. 귀하는 (i) King이 귀하를 위해 선택한 상대방을 대상으로 플레이를 할 것을 선택하거나 (ii) 귀하가 당사 게임과의 상호작용을 허용한 플랫폼 또는 소셜 네트워크 상의 자신의 연락처 중 하나를 대상으로 플레이를 할 수 있습니다. 또한 당사 게임 중 일부는 게임 상대방을 찾기 위해 친구를 검색하는 것(예를 들어, 이메일 주소를 통해)을 허용할 수 있습니다. 또한 당사는 귀하가 다시 플레이할 상대방을 손쉽게 찾을 수 있도록 과거 상대방의 표시 이름을 표시할 수 있습니다.","6.1 Some of our Games allow you to play against an opponent. You may be able to (i) choose to play against an opponent whom King selects for you, or (ii) play against one of your contacts on a platform or social network which you have allowed our Games to interact with. Some of our Games may also allow you to search for your friends (for example, by email address) in order to find them to play against. We may also display the display names of your past opponents so that you can easily find them to play again.",O,"6.1 Some of our Games allow you to play against an opponent. You may be able to (i) choose to play against an opponent whom 5minlab selects for you, or (ii) play against one of your contacts on a platform or social network which you have allowed our Games to interact with. Some of our Games may also allow you to search for your friends (for example, by email address) in order to find them to play against. We may also display the display names of your past opponents so that you can easily find them to play again.",O
"6.2 King이 귀하의 상대방을 선택하는 경우 당사는 무작위로 선택을 하거나 당사가 귀하의 상대방을 선택하기 위한 방법으로서 적절하다고 보는 기준(예를 들어, 귀하의 과거 점수 또는 귀하가 게임을 통해 도달한 레벨)을 사용할 수 있습니다.","6.2 Where King selects an opponent for you, we may either select at random or use such criteria as we see fit to select your opponent (for example, your past scores or level you have reached in the Game).",O,"6.2 Where 5minlab selects an opponent for you, we may either select at random or use such criteria as we see fit to select your opponent (for example, your past scores or level you have reached in the Game).",O
"6.3 상대방을 대상으로 한 플레이를 허용하는 당사의 게임을 액세스 및/또는 플레이함으로써 귀하는 자신의 표시 이름, 점수 및 기타 관련 세부 정보가 타 사용자에게 표시된다는 점에 대해 동의하는 것입니다. 또한 귀하는 타 사용자가 귀하의 이메일 주소를 이용해 귀하를 검색하여 찾아 낼 수 있다는 점을 이해하고 동의합니다. 당사는 귀하의 표시 이름만을 공개적으로 표시할 뿐이지 이메일 주소는 표시하지 않으며, 귀하를 검색하기 위해서는 타 사용자가 귀하의 이메일 주소를 알고 있어야 합니다.","6.3 By accessing and/or playing those of our Games which allow you to play against an opponent, you agree to your display name, scores, and other related details being displayed to other users. You also understand and agree that other users may find you by searching for you with your email address. Please note that we will only show your display name publically, and not your email address; another user must know your email address themselves in order to search for you.",X,"6.3 By accessing and/or playing those of our Games which allow you to play against an opponent, you agree to your display name, scores, and other related details being displayed to other users. You also understand and agree that other users may find you by searching for you with your email address. Please note that we will only show your display name publically, and not your email address; another user must know your email address themselves in order to search for you.",X
7 귀하의 본 약관 위반,7 Your breach of these terms,X,7 Your breach of these terms,X
"7.1당사가 합리적으로 판단할 때 귀하가 본 약관에 대해 중대한 위반(경미한 위반이 반복되는 경우 포함)을 범한 것으로 보일 경우, 당사는 당사 게임에 대한 귀하의 액세스를 일시 중지 또는 종료할 권리를 보유합니다(귀하의 계정을 삭제하는 방법 포함). 단, 5.4절 또는 5.5절에 대한 위반은 제한 없이 중대한 위반으로 간주될 가능성이 높습니다.","7.1 We reserve the right to suspend or terminate your access to our Games (including by deleting your account) if we reasonably believe that you are in material breach of these terms (including by repeated minor breaches). Without limitation, any breaches of paragraphs 5.4 or 5.5 are likely to be considered material breaches.",X,"7.1 We reserve the right to suspend or terminate your access to our Games (including by deleting your account) if we reasonably believe that you are in material breach of these terms (including by repeated minor breaches). Without limitation, any breaches of paragraphs 5.4 or 5.5 are likely to be considered material breaches.",X
"7.2 귀하는 자신이 본 약관을 위반함으로 인해 발생하는 일체의 손해, 피해, 클레임 및 비용에 대해 법률에 따라 당사에 보상하는 데 동의합니다.","7.2 You agree to compensate us, according to law, for all losses, harm, claims and expenses that may arise from any breach of these terms by you.",X,"7.2 You agree to compensate us, according to law, for all losses, harm, claims and expenses that may arise from any breach of these terms by you.",X
8 면책 조항 및 릴리스,8 Disclaimer and release,X,8 Disclaimer and release,X
"8.1 당사는 당사, 당사의 직원 또는 대리인의 부주의로 인한 사망이나 신체적 상해, 당사 또는 당사 대리인의 사기로 인한 손해나 피해, 또는 법으로 배제되지 않는 기타 일체의 책임에 대해 책임을 집니다.","8.1 We accept liability for death or personal injury resulting from our negligence or that of our employees or agents, and for losses or harm caused by fraud by us or our agents, or any other liability which may not by law be excluded.",X,"8.1 We accept liability for death or personal injury resulting from our negligence or that of our employees or agents, and for losses or harm caused by fraud by us or our agents, or any other liability which may not by law be excluded.",X
8.2 당사는 12개월간의 모든 손해 또는 피해(8.1절에 명시된 경우 제외)에 대하여 당사의 부주의 또는 본 약관 위반으로 인해 초래될 결과를 합리적으로 예상할 수 있는 손해 또는 피해에 한해 귀하의 클레임 날짜부터 역으로 100일간 귀하가 당사에 지불한 금액 한도까지 책임을 집니다. 전술한 손해 및 피해는 귀하가 본 약관에 동의하는 시점에서 귀하와 당사가 가능성을 예측할 수 있는 경우 예상 가능한 것으로 간주합니다.,"8.2 For any losses or harm (other than those mentioned in paragraph 8.1), in any period of twelve months, we will only be responsible for losses or harm which are a reasonably foreseeable consequence of our negligence or breach of these terms and conditions up to the value of the amount that you have paid to us in the 100 day period ending on the date of your claim. Losses and harm are foreseeable where they could be contemplated by you and us at the time of you agreeing to these terms and conditions.",X,"8.2 For any losses or harm (other than those mentioned in paragraph 8.1), in any period of twelve months, we will only be responsible for losses or harm which are a reasonably foreseeable consequence of our negligence or breach of these terms and conditions up to the value of the amount that you have paid to us in the 100 day period ending on the date of your claim. Losses and harm are foreseeable where they could be contemplated by you and us at the time of you agreeing to these terms and conditions.",X
8.3 당사는 다음과 같은 경우에 대해 책임을 지지 않습니다.,8.3 We are not responsible for:,X,8.3 We are not responsible for:,X
당사의 본 약관 위반 또는 부주의에 기인하지 않은 손해 또는 피해,losses or harm not caused by our breach of these terms or negligence; or,X,losses or harm not caused by our breach of these terms or negligence; or,X
"귀하가 본 약관에 동의하는 시점에 귀하와 당사가 합리적으로 예상할 수 없는 손해 또는 피해(예상 가능한 손해의 부수적 결과로 인해 발생하는 손해 포함). 여기에는 데이터 손실, 기회 상실, 서비스 중단, 컴퓨터 또는 기타 장치의 장애 또는 금전적 손실이 포함될 수 있습니다.","losses or harm which are not reasonably foreseeable by you and us at the time of you agreeing to these terms and conditions including those losses which happen as a side effect of foreseeable losses. This could include loss of data, loss of opportunity, service interruption, computer or other device failure or financial loss;",X,"losses or harm which are not reasonably foreseeable by you and us at the time of you agreeing to these terms and conditions including those losses which happen as a side effect of foreseeable losses. This could include loss of data, loss of opportunity, service interruption, computer or other device failure or financial loss;",X
귀하가 본 약관을 위반함으로 인해 발생한 손해 또는 피해 확대 부분,any increase in loss or damage resulting from breach by you of any of these terms and conditions; or,X,any increase in loss or damage resulting from breach by you of any of these terms and conditions; or,X
"당사의 합리적 통제 범위를 벗어난 당사 웹 사이트, 게임 및/또는 소셜 미디어 채널의 기술적 장애 또는 가용성 부족","technical failures or the lack of availability of our website, Games, and/or social media channels where these are not within our reasonable control.",X,"technical failures or the lack of availability of our website, Games, and/or social media channels where these are not within our reasonable control.",X
"8.4 당사는 여타 유사한 게임 공급자와 동일한 기술 및 주의 수준에서 게임을 제공합니다. 단, 귀하는 당사 게임에 대한 문제 또는 불만에 관한 귀하의 유일한 권리가 해당 게임의 사용을 중단하는 것뿐이며 귀하가 당사의 게임을 플레이하는 중에 겪는 중단 또는 오류에 대해 당사가 책임을 지지 않는다는 점을 이해합니다.","8.4 We will provide our Games with the same skill and care as other similar games providers, but you acknowledge that your only right with respect to any problems or dissatisfaction with any of our Games is to discontinue your use of that Game and we are not responsible or liable for any interruptions or errors that you may experience while playing our Games.",X,"8.4 We will provide our Games with the same skill and care as other similar games providers, but you acknowledge that your only right with respect to any problems or dissatisfaction with any of our Games is to discontinue your use of that Game and we are not responsible or liable for any interruptions or errors that you may experience while playing our Games.",X
8.5 소비자로서 귀하에게 부여되는 그 외의 모든 법적 권리는 본 약관의 영향을 받지 않습니다.,8.5 Any additional legal rights which you may have as a consumer remain unaffected by these terms.,X,8.5 Any additional legal rights which you may have as a consumer remain unaffected by these terms.,X
9 지적재산권,9 Intellectual property,X,9 Intellectual property,X
"9.1 귀하는 당사의 게임과 관련된 모든 저작권, 상표 및 기타 지적재산권이 당사의 소유이고 당사에 라이센스 권한이 있다는 점을 이해합니다(플레이어가 제공하고 소유하는 콘텐츠 제외).","9.1 You acknowledge that all copyright, trade marks, and other intellectual property rights in and relating to our Games (other than Content which is contributed and owned by players) is owned by or licensed to us.",X,"9.1 You acknowledge that all copyright, trade marks, and other intellectual property rights in and relating to our Games (other than Content which is contributed and owned by players) is owned by or licensed to us.",X
"9.2 귀하가 본 약관을 준수하는 동안 당사는 귀하가 개인적으로 사용할 수 있도록 당사 게임(단, 관련 객체 및 소스 코드는 제외)을 액세스하고 사용할 수 있는 비배타적이고 양도 불가능하며 개인적이고 취소 가능한 제한적 라이센스를 부여합니다. 단, 어떠한 경우에든 사용 방식이 본 약관에 부합해야 하며, 귀하는 당사의 게임을 여타의 목적으로 사용하지 않는 데 동의합니다.","9.2 Whilst you are in compliance with these terms, we grant you a non-exclusive, non-transferable, personal, revocable limited licence to access and use our Games (but not the related object and source code) for your own personal private use, in each case provided that such use is in accordance with these terms. You agree not to use our Games for anything else.",X,"9.2 Whilst you are in compliance with these terms, we grant you a non-exclusive, non-transferable, personal, revocable limited licence to access and use our Games (but not the related object and source code) for your own personal private use, in each case provided that such use is in accordance with these terms. You agree not to use our Games for anything else.",X
"9.3 당사가 사전에 서면으로 동의한 경우를 제외하고, 귀하는 당사의 게임 또는 당사 게임의 일부를 복사 또는 배포하거나 일반에 제공하거나 일체의 파생 저작물을 생성할 수 없습니다.","9.3 You must not copy, distribute, make available to the public or create any derivative work from our Games or any part of our Games unless we have first agreed to this in writing.",X,"9.3 You must not copy, distribute, make available to the public or create any derivative work from our Games or any part of our Games unless we have first agreed to this in writing.",X
"9.4 특히 귀하는 9.3절의 조항과는 별도로 당사의 게임 또는 게임 요소의 액세스를 제어하도록 설계된 치트 또는 기술적 수단을 제공해서는 안 됩니다(가상 통화 및/또는 가상 상품에 대한 액세스를 제공하는 행위가 포함되며, 무상으로 제공되든 유상으로 제공되든 관계 없음).","9.4 In particular, and without limiting the application of paragraph 9.3, you must not make available any cheats or technological measures designed to control access to, or elements of, our Games, including providing access to any Virtual Currency and/or Virtual Goods, whether on a free of charge basis or otherwise.",X,"9.4 In particular, and without limiting the application of paragraph 9.3, you must not make available any cheats or technological measures designed to control access to, or elements of, our Games, including providing access to any Virtual Currency and/or Virtual Goods, whether on a free of charge basis or otherwise.",X
9.5 당사의 게임을 통해 콘텐츠를 제공함으로써(5.3절에 정의된 바에 따라) 귀하는 다음 행위를 하는 것입니다.,9.5 By submitting Content (as defined in paragraph 5.3) via our Games you:,X,9.5 By submitting Content (as defined in paragraph 5.3) via our Games you:,X
자신에게 콘텐츠를 제공할 권한이 있다는 것을 표명합니다,are representing that you are fully entitled to do so;,X,are representing that you are fully entitled to do so;,X
"하에게 대가를 지불하지 않고 일체의 미디어(현재 존재하든 미래에 존재하든 관계 없이)를 통해 어떠한 목적으로든 영구적으로 귀하의 입력 정보를 수정, 적용, 게시 및 사용하고 그로부터 일체의 파생 저작물을 생성할 수 있는 권한을 당사 및 당사의 그룹사에 부여합니다","grant us and our group companies the right to edit, adapt, publish and use your entry and any derivative works we may create from it, in any and all media (whether it exists now or in the future), for any purpose, in perpetuity, without any payment to you;",X,"grant us and our group companies the right to edit, adapt, publish and use your entry and any derivative works we may create from it, in any and all media (whether it exists now or in the future), for any purpose, in perpetuity, without any payment to you;",X
"콘텐츠에 대해 귀하가 이른바 ""인격권""(예를 들어 입력 정보의 생성자로서 명명될 수 있는 권리 및 경멸적 취급을 받지 않을 권리 등을 포함)이라는 것을 소유할 수 있다는 점을 이해하며, 콘텐츠에 대해 상기한 인격권을 포기하기로 합의합니다.","acknowledge that you may have what are known as ""moral rights"" in the Content, for example the right to be named as the creator of your entry and the right not to have work subjected to derogatory treatment. You agree to waive any such moral rights you may have in the Content; and",X,"acknowledge that you may have what are known as ""moral rights"" in the Content, for example the right to be named as the creator of your entry and the right not to have work subjected to derogatory treatment. You agree to waive any such moral rights you may have in the Content; and",X
"귀하가 당사에 제출한 콘텐츠에 대한 귀하의 권리를 당사가 모니터링하거나 보호할 의무가 없다는 점을 이해합니다. 단, 귀하는 당사가 원할 경우 해당 콘텐츠에 대한 귀하의 권리를 행사할 권한을 당사에 부여합니다(귀하를 대리하여 법적 조치를 취할 권리 포함).","agree that we have no obligation to monitor or protect your rights in any Content that you may submit to us, but you do give us the right to enforce your rights in that Content if we want to, including but not limited to taking legal action (at our cost) on your behalf.",X,"agree that we have no obligation to monitor or protect your rights in any Content that you may submit to us, but you do give us the right to enforce your rights in that Content if we want to, including but not limited to taking legal action (at our cost) on your behalf.",X
"9.6 귀하는 당사 게임의 여타 플레이어가 소유한 콘텐츠를 복사 또는 배포하거나 일반에 제공하거나 파생 저작물을 생성할 수 없습니다. 만일 자신의 지적재산권이 인터넷상에서 누군가에 의해 침해되었다고 생각될 경우, 귀하는 다음 정보를 이메일(ip-notice@king.com)로 보내 당사에 연락을 취할 수 있습니다.","9.6 You must not copy, distribute, make available to the public or create any derivative work from any Content belonging to any other player of our Games. If you believe that your intellectual property rights have been infringed by someone else over the internet, you may contact us by emailing the following information to ip-notice@king.com:",O,"9.6 You must not copy, distribute, make available to the public or create any derivative work from any Content belonging to any other player of our Games. If you believe that your intellectual property rights have been infringed by someone else over the internet, you may contact us by emailing the following information to helpers@5minlab.com",O
지적재산권에 대한 설명 및 어떻게 침해되었는지에 대한 설명,a description of the intellectual property rights and an explanation as to how they have been infringed;,X,a description of the intellectual property rights and an explanation as to how they have been infringed;,X
침해 대상 자료가 소재한 위치에 대한 설명,a description of where the infringing material is located;,X,a description of where the infringing material is located;,X
"귀하의 주소, 전화번호 및 이메일 주소","your address, phone number and email address;",X,"your address, phone number and email address;",X
위증죄의 전제 하에 귀하가 (i) 귀하가 지적재산권을 소유하고 있는 문제의 자료를 사용하도록 허가하지 않았다는 선의의 믿음을 가지고 있고 (ii) 귀하가 제공하는 정보가 정확하고 바르며 침해 주장이 제기된 배타적 권리의 소유자를 대리하여 행동할 권한이 자신에게 있다는 자필 진술서,"a statement by you, made under penalty of perjury, that (i) you have a good-faith belief that the disputed use of material in which you own intellectual property rights is not authorised, and (ii) the information that you are providing is accurate, correct, and that you are authorised to act on behalf of the owner of an exclusive right that is allegedly infringed; and",X,"a statement by you, made under penalty of perjury, that (i) you have a good-faith belief that the disputed use of material in which you own intellectual property rights is not authorised, and (ii) the information that you are providing is accurate, correct, and that you are authorised to act on behalf of the owner of an exclusive right that is allegedly infringed; and",X
침해 주장이 제기된 배타적 권리의 소유자를 대리하여 행동할 권한을 가진 개인의 자필 또는 전자 서명,a physical or electronic signature of the person authorised to act on behalf of the owner of the exclusive right that has allegedly been infringed.,X,a physical or electronic signature of the person authorised to act on behalf of the owner of the exclusive right that has allegedly been infringed.,X
10 개인정보 보호,10 Privacy,X,10 Privacy,X
10.1 당사는 몰타의 데이터 보호 당국에 등록되어 있습니다.,10.1 We are registered with the data protection authority in Malta.,O,10.1 We are registered with the data protection authority in South Korea.,O
"10.2 당사는 귀하의 개인정보를 당사 개인정보 보호정책 및 본 약관에 명시된 바에 따라 수집, 처리, 사용 및 공유합니다. 당사의 게임을 플레이함으로써 귀하는 귀하의 개인정보를 이러한 식으로 수집, 처리, 사용 및 공유해도 좋다는 승인을 하는 것입니다. 만일 당사의 개인정보 보호정책에 동의하지 않을 경우, 당사의 게임을 액세스 및/또는 플레이하지 말아야 합니다.","10.2 We will only collect, process, use and share your personal information in accordance with our Privacy Policy and as set out in these terms. By playing our Games, you give your consent to us collecting, processing, using and sharing your personal data in this way. If you do not agree to our Privacy Policy you should not access and/or play our Games.",X,"10.2 We will only collect, process, use and share your personal information in accordance with our Privacy Policy and as set out in these terms. By playing our Games, you give your consent to us collecting, processing, using and sharing your personal data in this way. If you do not agree to our Privacy Policy you should not access and/or play our Games.",X
"10.3 또한 당사가 수집하는 일체의 개인정보는 귀하가 당사의 게임을 링크하기로 동의한 소셜 네트워크 정책의 적용을 받습니다. 만일 귀하가 당사의 게임을 플레이하고 게임과 소셜 네트워크 사이의 상호 작용을 허용하는 경우, 귀하는 해당 소셜 네트워크가 귀하를 개인적으로 식별하기 위해 당사와 공유하는 귀하의 이메일 주소 및 기타 개인정보를 당사가 사용하도록 허가하는 것입니다. 또한 귀하는 당사가 귀하의 소셜 플레이를 위해 귀하의 연락처로 하여금 해당 네트워크 상에서 귀하를 찾도록 도움을 제공하는 것을 허가합니다. 이는 소셜 네트워크상에서 당사의 게임을 플레이하는 귀하와 여타 개인이 당사의 게임을 보다 즐길 수 있도록 하기 위함입니다. 이러한 방식에 동의하지 않을 경우, 귀하는 당사의 게임이 소셜 네트워크와 상호 작용하는 것을 허용하지 않아야 합니다.",10.3 Any personal information that we may collect may also be subject to the policy of any social network that you may agree to link our Games to. If you play our Games and you agree to allow them to interact with a social network you are giving us permission to use your email address and other personal information which that social network shares with us that will allow us to personally identify you. You are also granting us permission to help your contacts on that network find you so that you can play socially. This is intended to make our Games more enjoyable for you and others that play our Games on the social network. If you do not agree to these practices you should not allow our Games to interact with your social network.,X,10.3 Any personal information that we may collect may also be subject to the policy of any social network that you may agree to link our Games to. If you play our Games and you agree to allow them to interact with a social network you are giving us permission to use your email address and other personal information which that social network shares with us that will allow us to personally identify you. You are also granting us permission to help your contacts on that network find you so that you can play socially. This is intended to make our Games more enjoyable for you and others that play our Games on the social network. If you do not agree to these practices you should not allow our Games to interact with your social network.,X
10.4 당사는 귀하가 당사의 게임을 플레이할 때마다 특정 유형의 정보를 저장하기 위해 쿠키를 사용할 수 있습니다. 쿠키는 일례로 당사가 귀하의 컴퓨터를 인식하고 해당 계정의 정확한 사용자 이름과 암호를 입력하는 개인이 귀하의 계정에 액세스하도록 하기 위한 용도로 사용될 수 있습니다. 당사가 쿠키를 사용하는 방식에 대한 자세한 내용은 당사의 개인정보 보호정책을 통해 보다 자세히 참조할 수 있습니다.,10.4 We may use cookies to store certain types of information each time you play our Games. They may for example be used to help us recognise your computer and to ensure that your account is accessed by the person that inputs the correct username and password for that account. You can find out more about how we use cookies by reading our Privacy Policy.,X,10.4 We may use cookies to store certain types of information each time you play our Games. They may for example be used to help us recognise your computer and to ensure that your account is accessed by the person that inputs the correct username and password for that account. You can find out more about how we use cookies by reading our Privacy Policy.,X
11 링크,11 Links,X,11 Links,X
"당사는 당사의 게임과 타사 웹 사이트 또는 서비스를 링크할 수 있습니다. 귀하는 상기한 타사가 제공하는 일체의 콘텐츠, 상품 또는 서비스에 대해 당사가 아무런 약속을 하지 않으며 일체의 보증을 하지 않는다는 점을 이해합니다. 또한 당사는 상기 타사에 의해 유발되는 손해 또는 피해와 관련하여 귀하에 대해 책임을 지지 않습니다. 상기 타사와 관련하여 발생하는 일체의 요금은 귀하의 책임입니다. 귀하는 상기 타사에 데이터를 제공할 때 해당 타사의 개인정보 보호정책(있을 경우)에 따라 데이터를 제공하는 것이며 해당 데이터에 대해 당사의 개인정보 보호정책이 적용되지 않는다는 점을 이해합니다.","We may link to third party websites or services from our Games. You understand that we make no promises regarding any content, goods or services provided by such third parties and we do not endorse the same. We are also not responsible to you in relation to any losses or harm caused by such third parties. Any charges you incur in relation to those third parties are your responsibility. You understand that when you provide data to such third parties you are providing it in accordance with their privacy policy (if any) and our own privacy policy does not apply in relation to that data.",X,"We may link to third party websites or services from our Games. You understand that we make no promises regarding any content, goods or services provided by such third parties and we do not endorse the same. We are also not responsible to you in relation to any losses or harm caused by such third parties. Any charges you incur in relation to those third parties are your responsibility. You understand that when you provide data to such third parties you are providing it in accordance with their privacy policy (if any) and our own privacy policy does not apply in relation to that data.",X
12 본 약관의 양도,12 Transferring these terms,X,12 Transferring these terms,X
"당사는 귀하의 동의를 구하지 않고 본 약관에 따른 당사의 권리 또는 의무를 전부 또는 일부 타인에게 양도할 수 있습니다. 귀하는 상기한 양도 조치가 귀하에게 상당한 손해를 끼치지 않는 한 당사가 그러한 조치를 할 수 있다는 점에 대해 동의합니다. 당사가 사전에 서면으로 동의한 경우를 제외하고, 귀하는 당사가 본 약관에 따라 부여한 권리를 양도할 수 없습니다.",We may wish to transfer all or a part of our rights or responsibilities under these terms to someone else without obtaining your consent. You agree that we may do so provided that the transfer does not significantly disadvantage you. You may not transfer any of the rights we give you under these terms unless we first agree to this in writing.,X,We may wish to transfer all or a part of our rights or responsibilities under these terms to someone else without obtaining your consent. You agree that we may do so provided that the transfer does not significantly disadvantage you. You may not transfer any of the rights we give you under these terms unless we first agree to this in writing.,X
13 완전한 합의,13 Entire agreement,X,13 Entire agreement,X
"본 약관은 당사의 게임과 관련하여 귀하와 당사 사이의 완전한 합의를 성립하며(1절에 규정된 바에 따름), 귀하와 당사 사이에 있었던 이전의 모든 합의 및 양해를 대체합니다. 또한 귀하가 여타 플랫폼을 통해(예를 들어, 당사 웹 사이트 또는 당사 게임의 KakaoTalk 버전 등을 모두 포함한 여타 타사의 웹 사이트나 서비스를 통해) 당사의 게임을 액세스 또는 플레이하는 경우, 해당 게임에 대해 상이한 약관이 적용됩니다.","These terms set out the entire agreement between you and us concerning our Games (as defined in paragraph 1) and they replace all earlier agreements and understandings between you and us. If you also access or play our Games via other platforms (for example, on our website or via any other third party website or service, including, without limitation, the KakaoTalk version of our games) then different terms and conditions apply in respect of those Games.",X,"These terms set out the entire agreement between you and us concerning our Games (as defined in paragraph 1) and they replace all earlier agreements and understandings between you and us. If you also access or play our Games via other platforms (for example, on our website or via any other third party website or service, including, without limitation, the KakaoTalk version of our games) then different terms and conditions apply in respect of those Games.",X
14 본 약관의 수정,14 Changes to these terms,X,14 Changes to these terms,X
본 약관은 언제든 about.king.com/consumer-terms에서 참조할 수 있습니다.,You can find these terms at any time by visiting about.king.com/consumer-terms,O,You can find these terms at any time by visiting http://5minlab.github.io/como-web/tos/,O
당사는 상기 주소에 업데이트된 버전을 게시함으로써 본 약관을 수시로 업데이트할 권한을 보유합니다. 당사는 기술적 또는 법적 이유로 인해 당사 상품 또는 서비스의 특성을 변경하는 경우 또는 당사 사업상의 필요성이 변경된 경우 상기한 업데이트를 실시할 수 있습니다. 만일 당사 약관의 수정에 대해 동의하지 않을 경우 귀하는 당사 게임의 액세스 및/또는 플레이를 즉각 중단해야 합니다.,"We reserve the right to update these terms from time to time by posting the updated version at that address. We may do so because we change the nature of our products or services, for technical or legal reasons, or because the needs of our business have changed. You agree that if you do not accept any amendment to our terms then you shall immediately stop accessing and/or playing our Games.",X,"We reserve the right to update these terms from time to time by posting the updated version at that address. We may do so because we change the nature of our products or services, for technical or legal reasons, or because the needs of our business have changed. You agree that if you do not accept any amendment to our terms then you shall immediately stop accessing and/or playing our Games.",X
15 가분 조항,15 Severability,X,15 Severability,X
"본 약관의 일부가 현지의 관련 법률 또는 관할 법원에 의해 무효하거나 행사 불가능한 것으로 판정된 경우, 해당 부분은 관련 법률에 부합하면서 원래의 취지가 최대한 반영되도록 해석되어야 하며 본 약관의 나머지 부분은 유효성과 행사 가능성을 그대로 유지합니다.","If any part of these terms is held to be invalid or unenforceable under any applicable local laws or by an applicable court, that part shall be interpreted in a manner consistent with applicable law to reflect as nearly as possible our original intentions and the remainder of these terms shall remain valid and enforceable.",X,"If any part of these terms is held to be invalid or unenforceable under any applicable local laws or by an applicable court, that part shall be interpreted in a manner consistent with applicable law to reflect as nearly as possible our original intentions and the remainder of these terms shall remain valid and enforceable.",X
16 당사 권리의 포기,16 Waivers of our rights,X,16 Waivers of our rights,X
당사가 본 약관에 따른 당사의 권리를 행사하지 않더라도 해당 권리의 행사를 포기한 것으로 간주되지 않습니다. 일체의 권리 포기는 서면으로 작성되고 서명된 경우에 한해 유효합니다.,Our failure to exercise or enforce any of our rights under these terms does not waive our right to enforce such right. Any waiver of such rights shall only be effective if it is in writing and signed by us.,X,Our failure to exercise or enforce any of our rights under these terms does not waive our right to enforce such right. Any waiver of such rights shall only be effective if it is in writing and signed by us.,X
17 불만 및 분쟁 해결,17 Complaints and dispute resolution,X,17 Complaints and dispute resolution,X
대부분의 불만 사항은 questions@support.king.com을 통해 당사에 연락함으로써 신속하게 해결이 가능합니다.,Most concerns can be solved quickly by contacting us at questions@support.king.com,O,Most concerns can be solved quickly by contacting us at helpers@5minlab.com,O
"당사가 귀하의 불만 사항을 해결할 수 없고 귀하가 당사에 대해 법적 절차를 제기하기를 희망하는 드문 상황이 발생할 경우, 본 약관은 영국 법률의 적용을 받고 그에 따라 해석됩니다.",In the unlikely event that we cannot solve your concern and you wish to bring legal action against us these terms shall be governed by and construed in accordance with the laws of England.,O,In the unlikely event that we cannot solve your concern and you wish to bring legal action against us these terms shall be governed by and construed in accordance with the laws of South Korea.,O
18 본 약관에 대한 질문,18 Questions about these terms,X,18 Questions about these terms,X
"본 약관 또는 당사의 게임에 대해 질문 사항이 있을 경우, 이메일questions@support.king.com으로 문의하십시오.",If you have any questions about these terms or our Games you may contact us by email atquestions@support.king.com,O,If you have any questions about these terms or our Games you may contact us by email at helpers@5minlab.com,O
본 약관은 2013년10월 11일에 최종 업데이트되었습니다.,These terms were last updated on 11 October 2013.,O,These terms were last updated on 2th March 2015.,O